user_id,name,email,country,signup_date
1,Ann Jones,jamesmartinez@example.org,India,2025-06-30T12:35:37.800731
2,Diane Brown,jessica52@example.org,USA,2025-07-19T12:35:37.800731
3,Daniel Phillips,jkemp@example.org,UK,2025-07-04T12:35:37.800731
4,Richard Carter,blackwellrobert@example.com,Japan,2025-07-16T12:35:37.800731
5,Jared Hawkins,courtney09@example.org,USA,2025-07-23T12:35:37.800731
6,John Olson,davisjared@example.com,UK,2025-07-25T12:35:37.800731
7,Daniel Mclaughlin,hallchristopher@example.org,Germany,2025-07-05T12:35:37.800731
8,Christian Pham,millerrichard@example.net,USA,2025-07-21T12:35:37.800731
9,Sarah Smith,elizabeth74@example.org,India,2025-06-29T12:35:37.800731
10,Thomas Greene,kimberlybarrett@example.net,USA,2025-07-23T12:35:37.800731
11,John Daniel,jrussell@example.org,UK,2025-07-21T12:35:37.800731
12,Jaime Henry,jennifer22@example.com,Germany,2025-07-23T12:35:37.800731
13,Dennis Conley,alexandra14@example.net,UK,2025-07-23T12:35:37.800731
14,Debra Barry,davischristina@example.net,Japan,2025-07-12T12:35:37.800731
15,Brooke Johnson,kimberlyjones@example.org,Japan,2025-07-17T12:35:37.800731
16,Angie Adams,andreaadkins@example.net,Japan,2025-07-01T12:35:37.800731
17,Mr. James Smith,randallallen@example.net,Germany,2025-07-07T12:35:37.800731
18,George Bates,richardzamora@example.net,UK,2025-07-04T12:35:37.800731
19,Mike Gilbert,catherine84@example.net,India,2025-07-13T12:35:37.800731
20,Stephanie Ali,johnstone@example.com,India,2025-07-23T12:35:37.800731
21,Eduardo Santana,khayes@example.net,Japan,2025-06-26T12:35:37.800731
22,Seth Bradley,shelleyadams@example.net,India,2025-07-02T12:35:37.800731
23,Erin Leblanc,toddwood@example.net,UK,2025-07-14T12:35:37.800731
24,Leonard Wilson,carteromar@example.com,UK,2025-06-30T12:35:37.800731
25,Angela Irwin,fletcherwilliam@example.net,India,2025-07-24T12:35:37.800731
26,Jerry Meyer,laurahartman@example.net,India,2025-07-11T12:35:37.800731
27,Lisa Rush,jmitchell@example.org,USA,2025-06-30T12:35:37.800731
28,Amber Santos,cmartinez@example.com,USA,2025-07-09T12:35:37.800731
29,Jeremy Taylor,deandebbie@example.com,Japan,2025-07-06T12:35:37.800731
30,Angela Lee,jonathanmartinez@example.org,India,2025-07-24T12:35:37.800731
31,Kristen Davis,benjaminboyle@example.net,Japan,2025-06-30T12:35:37.800731
32,Timothy Johnson,laurenstone@example.org,Japan,2025-07-14T12:35:37.800731
33,Emily Frost,meghandunn@example.com,Germany,2025-07-16T12:35:37.800731
34,Anthony Ritter,kvelasquez@example.org,UK,2025-07-13T12:35:37.800731
35,Bradley Lewis,kennethgarcia@example.com,Japan,2025-07-16T12:35:37.800731
36,Brandon Hendricks,michelledavis@example.net,UK,2025-07-03T12:35:37.800731
37,Tammy Howard,noconnor@example.net,USA,2025-06-29T12:35:37.800731
38,James Hardin,craighicks@example.net,Japan,2025-06-29T12:35:37.800731
39,Jennifer White,fnichols@example.com,USA,2025-07-03T12:35:37.800731
40,Michael Cordova,carlanderson@example.net,UK,2025-07-20T12:35:37.800731
41,Rebecca Mills,amberrussell@example.org,UK,2025-06-28T12:35:37.800731
42,Lisa Martin,kimberly89@example.org,USA,2025-06-26T12:35:37.800731
43,Gabrielle Warner,hardinkathleen@example.net,USA,2025-06-30T12:35:37.800731
44,Sean Davis,ibauer@example.com,India,2025-07-06T12:35:37.800731
45,Mrs. Valerie Williams,whiterebecca@example.org,Japan,2025-06-30T12:35:37.800731
46,Heather Mcdaniel,brenda37@example.org,Japan,2025-07-10T12:35:37.800731
47,Richard Watts,matthew79@example.org,Japan,2025-07-18T12:35:37.800731
48,Mary Brown MD,richard82@example.org,India,2025-07-25T12:35:37.800731
49,Dana Lamb,thomasmark@example.org,India,2025-07-15T12:35:37.800731
50,Hannah Smith,michael74@example.org,India,2025-07-05T12:35:37.800731
51,Whitney Roberts,valerie59@example.com,India,2025-07-15T12:35:37.800731
52,Ryan White DDS,stephen25@example.net,India,2025-06-27T12:35:37.800731
53,Kristy Ballard,harrisanthony@example.com,Germany,2025-06-30T12:35:37.800731
54,Ashley Arnold,whitejoshua@example.net,USA,2025-07-22T12:35:37.800731
55,Katie Snyder,jesus69@example.org,USA,2025-07-07T12:35:37.800731
56,Tamara Scott,craneryan@example.org,USA,2025-07-18T12:35:37.800731
57,John Sloan,dharrison@example.com,UK,2025-07-15T12:35:37.800731
58,Randall Reeves,megan22@example.com,India,2025-07-25T12:35:37.800731
59,Kevin Robinson,harold65@example.com,Japan,2025-07-03T12:35:37.800731
60,Megan Aguilar,gonzalezchristina@example.net,Japan,2025-07-21T12:35:37.800731
61,Alyssa Thompson,sethbauer@example.com,Germany,2025-07-04T12:35:37.800731
62,Christopher Dudley,alexander26@example.org,India,2025-07-10T12:35:37.800731
63,Daisy Lopez,xshelton@example.org,Germany,2025-07-20T12:35:37.800731
64,Marcus Carpenter,frederickandrews@example.net,Germany,2025-07-15T12:35:37.800731
65,Mr. Dalton Robinson,julie71@example.org,India,2025-07-20T12:35:37.800731
66,Seth Kelley,debraparsons@example.org,Japan,2025-06-30T12:35:37.800731
67,Vincent Morgan MD,stacy06@example.net,Japan,2025-06-29T12:35:37.800731
68,Wayne Harrell,amandasmith@example.net,India,2025-07-16T12:35:37.800731
69,Dalton Reeves,meredith19@example.org,Germany,2025-07-25T12:35:37.800731
70,Anthony Gilbert Jr.,ochoajoshua@example.net,Japan,2025-07-03T12:35:37.800731
71,Ashley Johnson,sandrareed@example.org,Germany,2025-07-09T12:35:37.800731
72,Aaron Haley,alexanderstephen@example.com,UK,2025-07-22T12:35:37.800731
73,Natalie Ewing,joshuaburns@example.org,Germany,2025-06-29T12:35:37.800731
74,Jose Anderson,marialong@example.org,Japan,2025-07-06T12:35:37.800731
75,Shannon Lowe,thomasjohnny@example.net,India,2025-07-13T12:35:37.800731
76,Whitney Perez,katie49@example.net,Japan,2025-07-03T12:35:37.800731
77,Lawrence Jones,shortsandra@example.org,USA,2025-07-25T12:35:37.800731
78,Louis Baker,jonathan37@example.net,Germany,2025-06-25T12:35:37.800731
79,Julia Cowan,kristi94@example.com,Japan,2025-07-08T12:35:37.800731
80,Seth Lyons,jameswhitehead@example.com,Japan,2025-07-01T12:35:37.800731
81,Raven Morris DDS,bjones@example.com,India,2025-06-25T12:35:37.800731
82,Jack Anderson,ashley41@example.net,UK,2025-07-20T12:35:37.800731
83,Elaine Estes,rjenkins@example.net,USA,2025-07-02T12:35:37.800731
84,Larry Ruiz,arthur61@example.net,UK,2025-07-21T12:35:37.800731
85,Donald Henry,robertwatkins@example.org,India,2025-07-07T12:35:37.800731
86,Michael Wolf,michael14@example.org,Germany,2025-06-25T12:35:37.800731
87,David Owens,emcgrath@example.com,India,2025-07-10T12:35:37.800731
88,Jacob Clarke,cathynavarro@example.org,Germany,2025-07-08T12:35:37.800731
89,Melissa Holt,lucastaylor@example.net,USA,2025-07-24T12:35:37.800731
90,Curtis Vargas,alyssa34@example.com,Germany,2025-06-26T12:35:37.800731
91,Joshua Johnson,cobbtimothy@example.org,Germany,2025-07-03T12:35:37.800731
92,Stacey James,richard14@example.com,Germany,2025-07-03T12:35:37.800731
93,Erika Williams,johnhernandez@example.net,Germany,2025-07-03T12:35:37.800731
94,Christine Bailey,michaelmoore@example.net,India,2025-07-20T12:35:37.800731
95,Richard Green,uhill@example.org,USA,2025-06-25T12:35:37.800731
96,Nathan Singleton,daniel71@example.com,India,2025-07-10T12:35:37.800731
97,Paul Quinn,bpalmer@example.org,Japan,2025-07-08T12:35:37.800731
98,Cindy Brown,odonnelltracy@example.com,USA,2025-07-10T12:35:37.800731
99,Jennifer Larson,michele90@example.org,India,2025-07-09T12:35:37.800731
100,Amber Myers,piercescott@example.net,Japan,2025-07-21T12:35:37.800731
101,Maria Martin,slarson@example.net,Germany,2025-06-26T12:35:37.800731
102,Bradley Ruiz,moorenathaniel@example.com,UK,2025-07-01T12:35:37.800731
103,Richard Alvarado,brian56@example.org,India,2025-07-07T12:35:37.800731
104,Eric Miles,johnmills@example.com,India,2025-07-24T12:35:37.800731
105,Curtis Tucker,moraleskristine@example.com,Japan,2025-07-03T12:35:37.800731
106,Jacob Mason,howellrobert@example.com,USA,2025-07-22T12:35:37.800731
107,Sarah Campbell,shannon85@example.net,Japan,2025-07-12T12:35:37.800731
108,Seth Smith,brandon84@example.org,Germany,2025-07-14T12:35:37.800731
109,Daniel Little,emilycruz@example.net,Japan,2025-07-19T12:35:37.800731
110,Justin Gonzalez,bradley21@example.com,Japan,2025-07-08T12:35:37.800731
111,Austin Chapman,jordan21@example.net,India,2025-07-24T12:35:37.800731
112,Kent Barton,morrissteve@example.org,India,2025-07-13T12:35:37.800731
113,Joseph Conrad,barbarabrown@example.org,Germany,2025-07-10T12:35:37.800731
114,Antonio Middleton,patrick34@example.org,USA,2025-07-11T12:35:37.800731
115,Crystal Bailey,ahunter@example.com,India,2025-07-17T12:35:37.800731
116,Kelly Gomez,tiffany39@example.com,Japan,2025-07-16T12:35:37.800731
117,Robert Mendoza,cynthiaboyle@example.net,UK,2025-07-17T12:35:37.800731
118,Shannon Johnson,troberts@example.com,Japan,2025-06-25T12:35:37.800731
119,Jennifer Clark,alison53@example.net,Japan,2025-06-29T12:35:37.800731
120,Jason Sanchez,usmith@example.com,India,2025-07-25T12:35:37.800731
121,Michelle Mcclain,evan02@example.net,USA,2025-07-22T12:35:37.800731
122,Jennifer Ellis,melissa10@example.org,India,2025-07-21T12:35:37.800731
123,Holly Smith,crystal34@example.org,Germany,2025-06-29T12:35:37.800731
124,Randy Fowler,tylerscott@example.org,USA,2025-07-24T12:35:37.800731
125,Judith Taylor,adamjames@example.net,Germany,2025-07-12T12:35:37.800731
126,Nathan Wong,gamblelisa@example.org,UK,2025-06-27T12:35:37.800731
127,Kevin Sandoval,angela94@example.net,Germany,2025-07-19T12:35:37.800731
128,Kristen Lawson,terrymonica@example.com,India,2025-07-17T12:35:37.800731
129,Trevor Jones,bartoncody@example.net,Germany,2025-07-07T12:35:37.800731
130,Taylor Barrett,alexisvargas@example.org,UK,2025-07-09T12:35:37.800731
131,Mr. Daniel Booth MD,brownkayla@example.org,Japan,2025-07-12T12:35:37.800731
132,Melissa Carney,sandra30@example.com,India,2025-06-28T12:35:37.800731
133,Lisa Cook,wmorris@example.com,Germany,2025-07-14T12:35:37.800731
134,Katie Neal,adavis@example.org,Japan,2025-07-18T12:35:37.800731
135,Ashley James,butlerroger@example.net,India,2025-07-19T12:35:37.800731
136,Nicole Jones,martinezcarlos@example.net,Germany,2025-07-04T12:35:37.800731
137,Lisa Dodson,qmarshall@example.org,Japan,2025-07-05T12:35:37.800731
138,Dean Robertson,glennsmith@example.org,UK,2025-06-26T12:35:37.800731
139,Cynthia Young,dramos@example.com,USA,2025-07-22T12:35:37.800731
140,Steve Flores,gcannon@example.net,UK,2025-07-08T12:35:37.800731
141,Ashley Murphy,lowemallory@example.com,Japan,2025-06-28T12:35:37.800731
142,Haley Thornton,stacie46@example.org,USA,2025-07-08T12:35:37.800731
143,Chase Taylor,vbush@example.com,Germany,2025-07-04T12:35:37.800731
144,Christian Hamilton,jacob27@example.org,Germany,2025-07-13T12:35:37.800731
145,Nichole Hernandez,phillipfernandez@example.org,USA,2025-07-25T12:35:37.800731
146,Karen Howard,josephstrong@example.net,Germany,2025-07-18T12:35:37.800731
147,Ashley Duncan,jacobdavis@example.com,Japan,2025-07-04T12:35:37.800731
148,Amanda Long,annfreeman@example.net,UK,2025-07-12T12:35:37.800731
149,Devin Rosales,larry02@example.org,Germany,2025-07-10T12:35:37.800731
150,Mr. Kenneth Holloway,melissa23@example.com,USA,2025-07-10T12:35:37.800731
151,Daniel Pennington,danaortega@example.org,Japan,2025-07-17T12:35:37.800731
152,Michael Bishop,derek13@example.org,USA,2025-07-17T12:35:37.800731
153,Jeremy Williams,delgadomichael@example.net,India,2025-07-16T12:35:37.800731
154,Todd Wood,hlewis@example.net,USA,2025-07-07T12:35:37.800731
155,James Coleman,fjohnson@example.com,Germany,2025-07-07T12:35:37.800731
156,Michael Wilson,adamschristine@example.net,USA,2025-07-05T12:35:37.800731
157,Holly Knox,torresbrianna@example.com,Germany,2025-07-14T12:35:37.800731
158,Steven Henderson,michael53@example.org,Japan,2025-07-02T12:35:37.800731
159,Rachael Hopkins,flynnmatthew@example.org,USA,2025-06-29T12:35:37.800731
160,Amy Robertson,david15@example.org,Japan,2025-06-27T12:35:37.800731
161,Michael Green,allisongarcia@example.com,Japan,2025-06-30T12:35:37.800731
162,Paul Macdonald,douglas38@example.com,Germany,2025-07-23T12:35:37.800731
163,Julie Ryan,lindsaylopez@example.org,UK,2025-07-04T12:35:37.800731
164,Victoria Watkins,jeanette27@example.com,USA,2025-07-03T12:35:37.800731
165,Anthony Martin,adrian69@example.net,UK,2025-07-19T12:35:37.800731
166,William Fields,marcogallegos@example.net,UK,2025-07-16T12:35:37.800731
167,Christian Griffith,brittany04@example.net,UK,2025-07-25T12:35:37.800731
168,Ashley Glover,jstokes@example.org,USA,2025-07-25T12:35:37.800731
169,Destiny Davis,erin29@example.net,USA,2025-06-25T12:35:37.800731
170,Valerie Cox,johnsonadrienne@example.org,Germany,2025-07-16T12:35:37.800731
171,Rickey Garcia,harrisdeanna@example.org,India,2025-06-27T12:35:37.800731
172,Jesse Wyatt,jenniferbradley@example.org,Germany,2025-07-18T12:35:37.800731
173,Laurie Watts,williamskevin@example.com,Germany,2025-07-01T12:35:37.800731
174,Matthew Hudson,isalazar@example.org,USA,2025-07-14T12:35:37.800731
175,Alejandra Kane,wigginslaura@example.org,Germany,2025-06-28T12:35:37.800731
176,John Clayton,rhondabailey@example.net,USA,2025-07-13T12:35:37.800731
177,Kelly Harrison,crawforddonald@example.org,Japan,2025-07-13T12:35:37.800731
178,Andrea Johnston,amcintosh@example.com,India,2025-07-01T12:35:37.800731
179,Jacqueline Vincent,bortiz@example.com,India,2025-07-20T12:35:37.800731
180,Miss Meredith Kirby,jennifer42@example.net,Germany,2025-07-21T12:35:37.800731
181,Kenneth Myers,idavidson@example.com,UK,2025-07-04T12:35:37.800731
182,Derek Macias,moniquecurry@example.org,USA,2025-06-27T12:35:37.800731
183,Mrs. Denise Perez MD,chadvillarreal@example.com,UK,2025-06-28T12:35:37.800731
184,Robert Barnes,teresa23@example.org,Japan,2025-07-08T12:35:37.800731
185,Sarah Hansen,johnhayes@example.org,USA,2025-07-11T12:35:37.800731
186,Robert Huynh,michael68@example.net,UK,2025-06-27T12:35:37.800731
187,Rebecca Smith,martinphillips@example.net,India,2025-06-25T12:35:37.800731
188,Annette Hart,benjaminshaffer@example.net,USA,2025-07-17T12:35:37.800731
189,Amanda Richardson,perezmichael@example.net,USA,2025-07-10T12:35:37.800731
190,Bethany York,kevin91@example.org,USA,2025-07-07T12:35:37.800731
191,Adrienne Wallace,valenzuelajoan@example.com,USA,2025-06-27T12:35:37.800731
192,Matthew Hood,mooremichael@example.org,Japan,2025-07-19T12:35:37.800731
193,Erika Bradley,barbarahorn@example.com,Germany,2025-07-11T12:35:37.800731
194,Douglas Diaz,ygonzalez@example.org,Germany,2025-06-25T12:35:37.800731
195,Mary Henderson,james43@example.com,UK,2025-07-05T12:35:37.800731
196,Lynn Rivera,wilkinsrichard@example.net,Germany,2025-06-26T12:35:37.800731
197,Renee Miller,tylershelly@example.com,UK,2025-07-12T12:35:37.800731
198,Larry Watts,michael12@example.net,India,2025-07-21T12:35:37.800731
199,Robert Tyler,eschwartz@example.com,UK,2025-07-24T12:35:37.800731
200,Marcus Meyer,howardvirginia@example.com,India,2025-07-16T12:35:37.800731
201,Sarah Forbes,danielthomas@example.com,USA,2025-07-01T12:35:37.800731
202,Andrea Mccarthy,burtonbrittany@example.net,India,2025-07-16T12:35:37.800731
203,Briana Edwards,mauricebrown@example.net,UK,2025-07-08T12:35:37.800731
204,Thomas Sanchez,jsaunders@example.com,India,2025-07-15T12:35:37.800731
205,Tyler West,wwalker@example.net,India,2025-07-10T12:35:37.800731
206,Robert Williams,cjames@example.org,Germany,2025-06-25T12:35:37.800731
207,Mark Salinas,mcmahonlisa@example.net,Germany,2025-06-28T12:35:37.800731
208,Ashley Estrada,reginarichardson@example.net,UK,2025-07-07T12:35:37.800731
209,Joshua Bowman,thomassarah@example.com,UK,2025-07-15T12:35:37.800731
210,Stephanie Cooley,dtanner@example.org,USA,2025-07-20T12:35:37.800731
211,Andrew Spencer,kellymelanie@example.com,USA,2025-07-18T12:35:37.800731
212,Wendy Townsend,camposstephanie@example.com,UK,2025-07-08T12:35:37.800731
213,Mrs. Tara Cruz MD,chrisfields@example.com,Germany,2025-07-22T12:35:37.800731
214,Rachel Jones,taylorwilliam@example.net,USA,2025-07-07T12:35:37.800731
215,Dennis Little,obrienchristopher@example.net,Germany,2025-06-25T12:35:37.800731
216,Christopher Smith,bsoto@example.com,Japan,2025-07-07T12:35:37.800731
217,Brian Meyer,bonniemurphy@example.com,Japan,2025-06-28T12:35:37.800731
218,Christina Orr,brenda75@example.net,Japan,2025-06-30T12:35:37.800731
219,Michelle Kennedy,nmorris@example.com,Japan,2025-07-20T12:35:37.800731
220,Latoya Cole,shelby19@example.net,Germany,2025-07-21T12:35:37.800731
221,Robert Shelton,amy19@example.com,India,2025-07-19T12:35:37.800731
222,Sarah Williams,rhernandez@example.com,India,2025-07-16T12:35:37.800731
223,Hannah Moore,kvincent@example.net,India,2025-07-13T12:35:37.800731
224,Lisa Cowan,christina65@example.net,Japan,2025-07-10T12:35:37.800731
225,Sarah Martin,jade80@example.org,Germany,2025-07-24T12:35:37.800731
226,Chris Spencer,matthewyoung@example.org,Japan,2025-07-15T12:35:37.800731
227,Laura Ross,kevin17@example.org,India,2025-06-29T12:35:37.800731
228,Courtney Gomez,brittany95@example.org,UK,2025-07-08T12:35:37.800731
229,Lindsay Johnson,aarongarrison@example.com,India,2025-07-18T12:35:37.800731
230,Justin Bates,sherrilarson@example.net,Japan,2025-07-18T12:35:37.800731
231,Kristi Mercer,thomasclay@example.com,Germany,2025-07-19T12:35:37.800731
232,Lori Rodriguez,luis03@example.net,USA,2025-06-30T12:35:37.800731
233,Christopher Watson,jacob32@example.com,Japan,2025-06-27T12:35:37.800731
234,Mark Reed,noah64@example.net,Germany,2025-06-26T12:35:37.800731
235,Troy Rasmussen,ytran@example.org,Japan,2025-07-07T12:35:37.800731
236,Amy Harrison,bryan62@example.net,India,2025-07-06T12:35:37.800731
237,Peter Moore,jaredsilva@example.org,Japan,2025-07-10T12:35:37.800731
238,Sarah Young,heather88@example.org,Japan,2025-07-17T12:35:37.800731
239,Kimberly Perez,richard52@example.org,Germany,2025-07-10T12:35:37.800731
240,Jamie Mann,whobbs@example.net,India,2025-07-08T12:35:37.800731
241,John Montoya,danielsdavid@example.com,Germany,2025-07-21T12:35:37.800731
242,Cynthia Jackson,brendabecker@example.com,Germany,2025-07-05T12:35:37.800731
243,Jaime Richardson,woodscott@example.org,Germany,2025-07-21T12:35:37.800731
244,Mark Hernandez,jennifer90@example.org,India,2025-07-22T12:35:37.800731
245,Ryan Roberts,jamesobrien@example.org,UK,2025-07-13T12:35:37.800731
246,Shawna Haley,phall@example.net,Japan,2025-07-03T12:35:37.800731
247,Samantha Bennett,xmartinez@example.org,USA,2025-07-02T12:35:37.800731
248,Joshua Graves,nancy59@example.org,UK,2025-07-15T12:35:37.800731
249,Zachary Powell,lopezjessica@example.com,USA,2025-07-01T12:35:37.800731
250,Heather Cortez,adamspatricia@example.com,USA,2025-06-26T12:35:37.800731
251,Mary Huffman,fwilliams@example.com,India,2025-07-04T12:35:37.800731
252,Melissa Tucker,john04@example.org,Germany,2025-07-19T12:35:37.800731
253,Ryan Armstrong,gkeller@example.com,UK,2025-07-09T12:35:37.800731
254,Joshua Roberts,wmurray@example.net,UK,2025-07-02T12:35:37.800731
255,John Martinez,jonesrobert@example.net,India,2025-07-02T12:35:37.800731
256,Wesley Young,smithmary@example.org,Germany,2025-07-07T12:35:37.800731
257,Tammy Cantrell,tdavis@example.com,Germany,2025-07-15T12:35:37.800731
258,Kristen Baker,jennifergonzalez@example.org,USA,2025-07-15T12:35:37.800731
259,Erik Browning,robbinsjoyce@example.org,UK,2025-07-19T12:35:37.800731
260,Robert Hansen,qharrington@example.net,UK,2025-06-28T12:35:37.800731
261,Brian Quinn,todd56@example.org,USA,2025-07-24T12:35:37.800731
262,Kristin Sanchez,jessica53@example.net,Japan,2025-07-08T12:35:37.800731
263,Ryan Marquez DDS,stephanie38@example.net,USA,2025-07-08T12:35:37.800731
264,Timothy Chandler,raykristine@example.com,UK,2025-06-25T12:35:37.800731
265,Jennifer Young,stevengreer@example.org,USA,2025-07-02T12:35:37.800731
266,Kristin Reese,jamie93@example.org,UK,2025-07-22T12:35:37.800731
267,Michelle Warren,rchoi@example.net,India,2025-07-01T12:35:37.800731
268,Mary Strong,brianvincent@example.net,USA,2025-07-19T12:35:37.800731
269,Jacob Haney,joseph21@example.org,UK,2025-07-12T12:35:37.800731
270,Justin Cook,walterbianca@example.org,Germany,2025-07-19T12:35:37.800731
271,Cynthia Garcia,estewart@example.org,USA,2025-07-18T12:35:37.800731
272,Michael Garcia,ashley20@example.org,Japan,2025-07-19T12:35:37.800731
273,Andrew Smith,jennifer24@example.com,Germany,2025-06-29T12:35:37.800731
274,Kimberly Robbins,catherine61@example.org,USA,2025-06-29T12:35:37.800731
275,Melissa Reese,jorge21@example.net,India,2025-06-29T12:35:37.800731
276,Jeremy Torres,ngriffin@example.com,Germany,2025-07-01T12:35:37.800731
277,Seth Jones,brandi32@example.com,USA,2025-07-25T12:35:37.800731
278,Cynthia Anderson,lauren48@example.net,USA,2025-07-14T12:35:37.800731
279,Angela Myers,nelsonmatthew@example.net,Germany,2025-07-07T12:35:37.800731
280,Melissa Jackson,marywhite@example.com,UK,2025-07-02T12:35:37.800731
281,Anna Atkinson,luis78@example.com,Japan,2025-07-23T12:35:37.800731
282,Stephen Williams,zwilson@example.org,Germany,2025-07-19T12:35:37.800731
283,Tony Collins,wesley64@example.com,USA,2025-07-10T12:35:37.800731
284,Thomas Hale,johnsonsteven@example.net,UK,2025-07-17T12:35:37.800731
285,Jordan Diaz,jenningsjose@example.com,India,2025-07-10T12:35:37.800731
286,Tyrone Sellers,irwinsarah@example.com,Germany,2025-07-21T12:35:37.800731
287,Daniel Jensen,stephanie69@example.net,UK,2025-07-08T12:35:37.800731
288,Erin Martinez,jenkinsjoseph@example.org,USA,2025-07-01T12:35:37.800731
289,Chloe Drake,albert82@example.com,India,2025-06-27T12:35:37.800731
290,Teresa Boyle,sharpjoseph@example.org,UK,2025-07-20T12:35:37.800731
291,Marissa Elliott,angelica21@example.com,UK,2025-07-17T12:35:37.800731
292,Christine Ellis,carlos69@example.net,Germany,2025-07-04T12:35:37.800731
293,Ricky Garner,rebecca19@example.com,Germany,2025-07-12T12:35:37.800731
294,Rebecca Morgan,grahammary@example.net,UK,2025-07-20T12:35:37.800731
295,Joshua Reid,dwheeler@example.net,Germany,2025-06-28T12:35:37.800731
296,Aaron Fisher,gene10@example.com,India,2025-07-19T12:35:37.800731
297,Stephanie Lopez,heather26@example.com,Germany,2025-06-27T12:35:37.800731
298,Eric Howard,karenbailey@example.org,Germany,2025-07-12T12:35:37.800731
299,Matthew Morris,linda08@example.net,USA,2025-07-14T12:35:37.800731
300,Casey Lewis,patrickgrant@example.org,India,2025-07-10T12:35:37.800731
301,Steven Wang,ythompson@example.org,UK,2025-07-05T12:35:37.800731
302,Bruce Whitney,kaufmanlaura@example.com,USA,2025-06-27T12:35:37.800731
303,Jodi Wagner,epowers@example.org,Germany,2025-07-24T12:35:37.800731
304,Thomas Bush,julieruiz@example.net,India,2025-07-08T12:35:37.800731
305,Sandra Miller,ryandiaz@example.com,USA,2025-07-16T12:35:37.800731
306,Brandon Church,mbentley@example.com,USA,2025-07-19T12:35:37.800731
307,Angela Riggs,linda74@example.org,UK,2025-06-29T12:35:37.800731
308,Nicholas Davis,njohnson@example.com,Japan,2025-07-16T12:35:37.800731
309,Heather Bryant,etrujillo@example.com,India,2025-06-29T12:35:37.800731
310,Matthew Walls,debragonzales@example.org,USA,2025-07-12T12:35:37.800731
311,Amanda Washington,keith81@example.org,Germany,2025-07-14T12:35:37.800731
312,Joseph Rhodes,anthonyquinn@example.com,USA,2025-06-30T12:35:37.800731
313,Brian Davila,kennethluna@example.net,USA,2025-07-10T12:35:37.800731
314,Renee Walton,scottkaren@example.net,Germany,2025-06-29T12:35:37.800731
315,Michelle Powell,jessicacarter@example.org,Germany,2025-07-25T12:35:37.800731
316,Oscar Abbott,icarter@example.net,UK,2025-07-15T12:35:37.800731
317,Amy Palmer,jennifer74@example.net,India,2025-07-25T12:35:37.800731
318,Austin Palmer,nicholasnguyen@example.net,Germany,2025-07-22T12:35:37.800731
319,Melanie Gonzalez,allisonmacias@example.org,Japan,2025-07-10T12:35:37.800731
320,Blake Dyer,mcleanrobert@example.com,India,2025-06-29T12:35:37.800731
321,Justin Potts,terrellsusan@example.net,USA,2025-07-23T12:35:37.800731
322,Laura Barnes,taratucker@example.net,UK,2025-07-18T12:35:37.800731
323,Wendy Pace,davidhill@example.net,India,2025-07-23T12:35:37.800731
324,Gilbert Nicholson,lstanley@example.com,UK,2025-07-01T12:35:37.800731
325,Heather Brown,ishelton@example.com,Japan,2025-07-19T12:35:37.800731
326,Monica Anderson,lanetheresa@example.org,Japan,2025-06-29T12:35:37.800731
327,Olivia Scott,amy26@example.net,USA,2025-07-15T12:35:37.800731
328,Marcus Rush,monicaoneill@example.net,UK,2025-07-22T12:35:37.800731
329,Kenneth Walters,perry18@example.org,USA,2025-07-10T12:35:37.800731
330,Wanda Dickerson,hhernandez@example.net,USA,2025-07-11T12:35:37.800731
331,Mary Newman,mccoymichael@example.org,India,2025-07-15T12:35:37.800731
332,Holly Pham,pierceallison@example.net,USA,2025-07-24T12:35:37.800731
333,Sydney White,alvarezlisa@example.org,USA,2025-07-12T12:35:37.800731
334,Carlos Martin,icrawford@example.net,Japan,2025-07-22T12:35:37.800731
335,Justin Robinson,huntstephen@example.net,UK,2025-07-10T12:35:37.800731
336,Brandon Taylor,william07@example.net,UK,2025-07-22T12:35:37.800731
337,Ryan Schwartz,mhendrix@example.com,Japan,2025-06-28T12:35:37.800731
338,Tina Graham,haleykent@example.net,Germany,2025-07-21T12:35:37.800731
339,Sylvia Henry,gregoryjulie@example.net,Germany,2025-07-03T12:35:37.800731
340,Cynthia Brown,garrettfrank@example.org,Japan,2025-07-21T12:35:37.800731
341,Mia Dixon,drice@example.org,UK,2025-07-16T12:35:37.800731
342,Crystal Cooper,ebaker@example.net,USA,2025-07-05T12:35:37.800731
343,Mark Dyer,gravescarolyn@example.net,Germany,2025-07-04T12:35:37.800731
344,Aaron Burns,ogutierrez@example.net,Germany,2025-07-22T12:35:37.800731
345,Jennifer Atkins MD,lisa62@example.com,Germany,2025-07-09T12:35:37.800731
346,Gregory Rodriguez,jennifer76@example.net,Germany,2025-07-02T12:35:37.800731
347,Jerry Mcguire,denise95@example.org,Japan,2025-07-22T12:35:37.800731
348,Kurt David,judy90@example.com,UK,2025-07-20T12:35:37.800731
349,Adam Watts,mkemp@example.org,Japan,2025-06-27T12:35:37.800731
350,Michael Wilson,kcisneros@example.net,India,2025-07-20T12:35:37.800731
351,Jeffery Miller,brandynelson@example.org,Germany,2025-07-17T12:35:37.800731
352,Donald Mata,williammartinez@example.org,USA,2025-07-02T12:35:37.800731
353,Tony Wilson,newmanbrenda@example.net,USA,2025-06-30T12:35:37.800731
354,Michael Williams,codytran@example.org,UK,2025-07-22T12:35:37.800731
355,John Whitaker,gabriel20@example.net,USA,2025-07-11T12:35:37.800731
356,Elizabeth Mason,april03@example.com,Japan,2025-07-04T12:35:37.800731
357,Jennifer Gonzales,kbradley@example.com,UK,2025-07-03T12:35:37.800731
358,Michael Bowen,joshuaalexander@example.com,India,2025-07-23T12:35:37.800731
359,Gina Hernandez,pmiller@example.org,Germany,2025-07-22T12:35:37.800731
360,Miss Alice Gonzales,fowens@example.org,Germany,2025-07-17T12:35:37.800731
361,Lori Simpson,james06@example.org,USA,2025-07-18T12:35:37.800731
362,David Goodman,patrick98@example.org,USA,2025-07-12T12:35:37.800731
363,Shawn Ball,alyssafletcher@example.net,Germany,2025-07-17T12:35:37.800731
364,Laura Medina,ywilson@example.org,India,2025-06-28T12:35:37.800731
365,Christy Stanton,dvargas@example.net,India,2025-06-26T12:35:37.800731
366,Mark Williams,vmaddox@example.com,Japan,2025-07-03T12:35:37.800731
367,Gary Mills,michellecooper@example.org,Japan,2025-06-30T12:35:37.800731
368,Angela Bowen,joycejason@example.org,Japan,2025-07-15T12:35:37.800731
369,Sergio Adams,brewerjames@example.org,India,2025-07-14T12:35:37.800731
370,Amy Diaz,leahdavis@example.org,USA,2025-07-05T12:35:37.800731
371,Andrea Ramsey,figueroajohn@example.net,India,2025-07-05T12:35:37.800731
372,Eduardo Mcdaniel,christopherchen@example.net,UK,2025-07-16T12:35:37.800731
373,Candice Cooper,pamelarussell@example.com,Germany,2025-07-05T12:35:37.800731
374,Jennifer Williams,woodsclaudia@example.org,Japan,2025-07-20T12:35:37.800731
375,Nathan Berg,matthew58@example.org,USA,2025-07-15T12:35:37.800731
376,Juan Barber,qblackwell@example.org,UK,2025-06-30T12:35:37.800731
377,April Hoover,lrivera@example.com,Germany,2025-07-10T12:35:37.800731
378,Jason Navarro,jacob18@example.com,India,2025-06-25T12:35:37.800731
379,Cindy Rodriguez,vhaley@example.com,UK,2025-07-18T12:35:37.800731
380,Patrick Cabrera,suzanne95@example.org,Germany,2025-07-12T12:35:37.800731
381,Amy Hill,kimberlybrock@example.net,USA,2025-07-22T12:35:37.800731
382,Teresa Cowan,charlesyoung@example.net,USA,2025-07-19T12:35:37.800731
383,Melissa Brandt,carrdaniel@example.net,India,2025-06-30T12:35:37.800731
384,Austin Jones,samuelpacheco@example.org,India,2025-06-30T12:35:37.800731
385,Sydney Hebert,ajohnson@example.org,UK,2025-07-20T12:35:37.800731
386,Ashley Hebert,ralph16@example.org,Germany,2025-07-12T12:35:37.800731
387,Samuel Simpson,brittanyscott@example.com,India,2025-07-04T12:35:37.800731
388,Natalie Ferguson,yroy@example.net,Japan,2025-07-04T12:35:37.800731
389,Robert Rowe,timothy41@example.com,USA,2025-06-27T12:35:37.800731
390,Ashley Pacheco,chadbrewer@example.org,USA,2025-07-14T12:35:37.800731
391,Diana Bennett,ibailey@example.com,UK,2025-07-24T12:35:37.800731
392,Jonathan Walsh,munozbrooke@example.net,Japan,2025-06-25T12:35:37.800731
393,Aaron Quinn,phernandez@example.net,Japan,2025-06-26T12:35:37.800731
394,Steven Wheeler,michaelyoung@example.net,India,2025-06-25T12:35:37.800731
395,Mrs. Martha Hughes,ybryan@example.org,Germany,2025-07-17T12:35:37.800731
396,Jessica Short,hlowe@example.com,Germany,2025-07-11T12:35:37.800731
397,Jordan Pitts,nhudson@example.com,India,2025-07-20T12:35:37.800731
398,Tyler Lee,srhodes@example.com,Japan,2025-07-01T12:35:37.800731
399,Chris Henson,susan67@example.net,Japan,2025-07-09T12:35:37.800731
400,Robert Macdonald,tiffany27@example.com,UK,2025-07-23T12:35:37.800731
401,Robert Hancock,mthompson@example.net,Japan,2025-07-01T12:35:37.800731
402,Kevin Hess,bakerkeith@example.org,USA,2025-06-29T12:35:37.800731
403,Jennifer Murphy,johnsonjennifer@example.org,Germany,2025-06-30T12:35:37.800731
404,Erik Boyer,grace28@example.net,Japan,2025-07-01T12:35:37.800731
405,Jamie Davis,johnjohnson@example.org,USA,2025-07-04T12:35:37.800731
406,Paula Blackwell,reevespaul@example.net,India,2025-07-13T12:35:37.800731
407,David White,lewisjames@example.org,Japan,2025-06-25T12:35:37.800731
408,Jacob Allen,gravesaimee@example.net,UK,2025-06-25T12:35:37.800731
409,David Taylor,ryan95@example.org,India,2025-06-28T12:35:37.800731
410,Kelly White,rickeymcdonald@example.net,Germany,2025-07-21T12:35:37.800731
411,Misty Mills,emily43@example.com,UK,2025-07-22T12:35:37.800731
412,Nicholas Leon,foleykeith@example.net,UK,2025-07-16T12:35:37.800731
413,Sabrina Davis,rreed@example.com,Germany,2025-06-29T12:35:37.800731
414,John Medina,wmiller@example.org,Japan,2025-07-08T12:35:37.800731
415,Matthew Hernandez,randallfrank@example.com,Japan,2025-07-21T12:35:37.800731
416,Hannah Michael,tamara13@example.net,Japan,2025-07-02T12:35:37.800731
417,Misty Brown,nvalencia@example.com,UK,2025-07-25T12:35:37.800731
418,Courtney Hubbard,angelicasaunders@example.net,Japan,2025-07-23T12:35:37.800731
419,Matthew Gilmore,blackelizabeth@example.com,Germany,2025-07-24T12:35:37.800731
420,Janet Lin,smitharthur@example.net,Japan,2025-06-26T12:35:37.800731
421,Randy Nichols,vriddle@example.net,Germany,2025-07-07T12:35:37.800731
422,Denise Reese,browndanielle@example.net,India,2025-07-01T12:35:37.800731
423,Marcus Rose,garciabecky@example.com,UK,2025-07-06T12:35:37.800731
424,Kim Mann,sarah27@example.org,UK,2025-06-26T12:35:37.800731
425,Herbert Carrillo,carrollsusan@example.com,UK,2025-07-14T12:35:37.800731
426,Kathryn Burton,robertfrancis@example.net,India,2025-06-29T12:35:37.800731
427,Makayla Johnson,jsteele@example.net,Germany,2025-07-22T12:35:37.800731
428,Hayley Davis,gregory04@example.com,India,2025-06-28T12:35:37.800731
429,Emily Bridges,johnjones@example.com,Japan,2025-07-10T12:35:37.800731
430,Stephanie Hunter,ashleyanthony@example.net,India,2025-07-08T12:35:37.800731
431,Joe Foster,tchavez@example.net,Japan,2025-07-03T12:35:37.800731
432,Bradley Hayes,simsandrew@example.net,India,2025-07-01T12:35:37.800731
433,Dr. Leon Brown MD,melissa80@example.org,UK,2025-07-13T12:35:37.800731
434,Joel Arroyo,nelsonmelissa@example.net,UK,2025-07-11T12:35:37.800731
435,Grant Flores,harristyler@example.org,USA,2025-07-15T12:35:37.800731
436,Nathan Pollard,david20@example.org,UK,2025-07-20T12:35:37.800731
437,Robin Singh,rachelpotter@example.com,India,2025-06-28T12:35:37.800731
438,Nicole Rodriguez,colin13@example.net,India,2025-07-08T12:35:37.800731
439,Robin Becker,tgriffin@example.org,Germany,2025-07-07T12:35:37.800731
440,Steven Figueroa,sarahbrown@example.org,India,2025-06-27T12:35:37.800731
441,Heidi Murray,mooredennis@example.com,UK,2025-07-11T12:35:37.800731
442,Loretta Garza,rowematthew@example.org,UK,2025-06-26T12:35:37.800731
443,Peter Davis,hammondanthony@example.net,UK,2025-07-18T12:35:37.800731
444,Robert Yang,vanessa22@example.net,India,2025-07-13T12:35:37.800731
445,Paul Ballard,eatonandrew@example.org,Japan,2025-06-27T12:35:37.800731
446,Elizabeth Miller,alyssa70@example.org,India,2025-07-21T12:35:37.800731
447,Valerie Rangel,aglover@example.org,India,2025-07-10T12:35:37.800731
448,Joshua Smith,dukesean@example.com,UK,2025-07-11T12:35:37.800731
449,Glenn Campbell,trevinorhonda@example.org,India,2025-07-21T12:35:37.800731
450,Angelica Marshall,nmartin@example.com,USA,2025-07-22T12:35:37.800731
451,Kristi Wilson,gilberttonya@example.com,UK,2025-07-05T12:35:37.800731
452,Isaac Morrow,stevenhoward@example.org,Japan,2025-07-22T12:35:37.800731
453,Steven Davis,tina60@example.net,USA,2025-06-27T12:35:37.800731
454,Tammy Butler,kathryncharles@example.org,Germany,2025-07-17T12:35:37.800731
455,Terry Williams,donaldrice@example.net,USA,2025-07-09T12:35:37.800731
456,Gerald Parks,xnorton@example.com,Japan,2025-07-25T12:35:37.800731
457,Susan Carlson,johnsonallison@example.net,India,2025-07-16T12:35:37.800731
458,Patrick Martin,riostrevor@example.com,UK,2025-06-30T12:35:37.800731
459,Mrs. Karen Rodgers,adrianawilson@example.org,USA,2025-07-08T12:35:37.800731
460,Jordan Ramos,henrylopez@example.org,Japan,2025-07-23T12:35:37.800731
461,Sandra Gordon,williamsjeremy@example.org,India,2025-06-30T12:35:37.800731
462,Lori Cook,smithmatthew@example.com,Japan,2025-07-19T12:35:37.800731
463,Jose Carter,susanknapp@example.com,USA,2025-07-10T12:35:37.800731
464,Elizabeth Thompson,jeffjimenez@example.com,UK,2025-07-21T12:35:37.800731
465,Michael Fowler,jennifermercer@example.com,Japan,2025-07-08T12:35:37.800731
466,Ariel George,cwilliams@example.org,India,2025-06-27T12:35:37.800731
467,Carol Williams,perezrachel@example.net,UK,2025-06-30T12:35:37.800731
468,Kayla Myers,burgessdavid@example.net,USA,2025-07-07T12:35:37.800731
469,Monique White,david77@example.net,Germany,2025-06-28T12:35:37.800731
470,Robert Richards,smithchristopher@example.org,USA,2025-07-03T12:35:37.800731
471,Andrew Sanders,joseph05@example.com,UK,2025-07-01T12:35:37.800731
472,William Martin,juliawashington@example.org,Japan,2025-07-21T12:35:37.800731
473,Nancy Daniels,eoconnor@example.net,Japan,2025-07-18T12:35:37.800731
474,Scott Baker,qclark@example.com,India,2025-07-18T12:35:37.800731
475,Logan Reynolds,iferguson@example.org,UK,2025-07-05T12:35:37.800731
476,Stephanie Miller,jeremy61@example.com,Germany,2025-07-07T12:35:37.800731
477,Wesley Clark,nathan06@example.com,Japan,2025-06-25T12:35:37.800731
478,Maxwell Hammond,wilsonkristine@example.org,USA,2025-07-21T12:35:37.800731
479,Joshua Perez,gallegosricky@example.org,Japan,2025-07-19T12:35:37.800731
480,Cole Bailey,matthew13@example.org,UK,2025-07-24T12:35:37.800731
481,Anna Cook,johngomez@example.org,Germany,2025-07-16T12:35:37.800731
482,Katie Warren,haasnicholas@example.net,UK,2025-07-18T12:35:37.800731
483,Robert Santana,megandixon@example.org,Germany,2025-07-21T12:35:37.800731
484,Sarah Page,whitelindsay@example.org,India,2025-06-28T12:35:37.800731
485,Harry Graves,burnstiffany@example.com,Japan,2025-07-18T12:35:37.800731
486,Ryan Lopez,dawn84@example.net,USA,2025-07-06T12:35:37.800731
487,Tyler Nichols,johnsonangelica@example.com,Germany,2025-07-13T12:35:37.800731
488,Joseph Jimenez,gibbsjohn@example.org,UK,2025-06-29T12:35:37.800731
489,Trevor Lucas,garrettstrickland@example.org,India,2025-06-27T12:35:37.800731
490,Brandon Rodriguez,reneemiller@example.org,UK,2025-07-03T12:35:37.800731
491,Stephen Anderson,robertcain@example.org,Germany,2025-07-18T12:35:37.800731
492,Brittany Hayes,sandra24@example.org,Germany,2025-07-02T12:35:37.800731
493,Leslie Wagner,johnny54@example.net,UK,2025-07-25T12:35:37.800731
494,Bobby Brown,karenweaver@example.org,India,2025-07-24T12:35:37.800731
495,William King,wongjohn@example.com,India,2025-07-11T12:35:37.800731
496,Jody Jones,webbraymond@example.org,Germany,2025-06-25T12:35:37.800731
497,Savannah Levy,ppotter@example.org,India,2025-07-12T12:35:37.800731
498,Christy Hamilton,hendersonsheila@example.org,Germany,2025-06-27T12:35:37.800731
499,Michael Santana,dreeves@example.org,Japan,2025-06-27T12:35:37.800731
500,Heather Banks,qfrost@example.net,USA,2025-06-27T12:35:37.800731
501,Robert Scott Jr.,whitetanya@example.net,Japan,2025-07-01T12:35:37.800731
502,Kimberly Santiago,berrychristopher@example.net,India,2025-07-22T12:35:37.800731
503,Andrew Martin,jesus36@example.com,UK,2025-07-24T12:35:37.800731
504,Nicole Myers,npaul@example.org,India,2025-07-23T12:35:37.800731
505,Jennifer Keller,qcameron@example.com,Germany,2025-06-25T12:35:37.800731
506,Kathleen Aguilar,nicholas93@example.net,Japan,2025-07-04T12:35:37.800731
507,Christopher Davis,kyle26@example.com,India,2025-06-26T12:35:37.800731
508,Mary Cline,yboyle@example.org,UK,2025-07-25T12:35:37.800731
509,Christopher Sanchez,rodriguezmichael@example.net,USA,2025-07-03T12:35:37.800731
510,Robert Cunningham,woodmariah@example.com,Japan,2025-07-10T12:35:37.800731
511,Carolyn Jordan,jennifer11@example.com,USA,2025-07-01T12:35:37.800731
512,Lynn Martin,vsanchez@example.net,Japan,2025-07-01T12:35:37.800731
513,Matthew Salinas,carpenterpatricia@example.org,Germany,2025-06-28T12:35:37.800731
514,Leslie Wright,johnadams@example.com,Japan,2025-07-04T12:35:37.800731
515,Michael Spears,fjarvis@example.org,UK,2025-07-22T12:35:37.800731
516,Michael James,qfoley@example.net,Germany,2025-07-01T12:35:37.800731
517,Jackie Chang,stewartdavid@example.org,Japan,2025-07-02T12:35:37.800731
518,Gregory Bradley Jr.,mike96@example.com,Germany,2025-06-29T12:35:37.800731
519,Maria Hill,ramirezstephanie@example.com,India,2025-06-26T12:35:37.800731
520,Robert Mitchell,combsadrian@example.net,USA,2025-07-25T12:35:37.800731
521,Alexis Finley,perezbobby@example.org,India,2025-06-29T12:35:37.800731
522,Robert Silva,bfranklin@example.org,Germany,2025-07-11T12:35:37.800731
523,Terri Nelson,melissamcdonald@example.org,UK,2025-07-21T12:35:37.800731
524,Christopher Robinson,zcampbell@example.net,Germany,2025-07-02T12:35:37.800731
525,Ray Wilson,iowen@example.org,Japan,2025-07-06T12:35:37.800731
526,Cody Conner,jameswilson@example.org,Germany,2025-07-08T12:35:37.800731
527,Chad Koch,cboyd@example.com,Germany,2025-07-05T12:35:37.800731
528,Karen Jones,scott64@example.net,India,2025-07-20T12:35:37.800731
529,Angela Cooper,hannah98@example.org,USA,2025-07-17T12:35:37.800731
530,Adam Taylor,angelanelson@example.com,Japan,2025-07-19T12:35:37.800731
531,Ashley Andrews,scott09@example.org,USA,2025-06-27T12:35:37.800731
532,Brian Hess,linda15@example.com,India,2025-06-28T12:35:37.800731
533,David Perez,richardsmichelle@example.org,Japan,2025-07-25T12:35:37.800731
534,Valerie Smith,allen91@example.net,UK,2025-06-28T12:35:37.800731
535,Jonathan Thomas,lphillips@example.com,UK,2025-06-30T12:35:37.800731
536,Hannah Griffin,adrienne45@example.com,Japan,2025-07-07T12:35:37.800731
537,Madeline Anderson,royshepard@example.org,Germany,2025-06-26T12:35:37.800731
538,Jackie Powers,joshua29@example.org,Japan,2025-07-23T12:35:37.800731
539,Michael Snyder,ygarcia@example.org,Japan,2025-07-23T12:35:37.800731
540,Michael Nguyen,utaylor@example.com,India,2025-07-16T12:35:37.800731
541,Travis Medina,ryan13@example.net,Japan,2025-07-22T12:35:37.800731
542,Cassie Campbell,lgarcia@example.org,Germany,2025-07-14T12:35:37.800731
543,Alexandra Williams,hicksdebra@example.net,Japan,2025-07-15T12:35:37.800731
544,Francisco Burton,jesse00@example.net,Germany,2025-07-15T12:35:37.800731
545,Jessica Sanchez,ashleydavis@example.com,USA,2025-07-13T12:35:37.800731
546,Patrick Robinson,mark30@example.net,Germany,2025-07-15T12:35:37.800731
547,James Moon,oliu@example.org,India,2025-07-20T12:35:37.800731
548,Laurie Matthews,james89@example.com,Japan,2025-07-23T12:35:37.800731
549,Morgan Bryan,edwardmcfarland@example.org,USA,2025-07-22T12:35:37.800731
550,Daniel Phillips,harrisbryan@example.com,India,2025-07-13T12:35:37.800731
551,Adam Ramirez,brianna31@example.com,USA,2025-07-14T12:35:37.800731
552,Kenneth Burch,jacksonmatthew@example.net,USA,2025-07-07T12:35:37.800731
553,Martha Owens,lisa75@example.net,Japan,2025-06-27T12:35:37.800731
554,Aaron Blake,gregg15@example.net,UK,2025-07-13T12:35:37.800731
555,Kellie Gray,garciamackenzie@example.com,India,2025-07-05T12:35:37.800731
556,Kevin Kelly,suehardy@example.com,UK,2025-06-28T12:35:37.800731
557,Crystal Abbott,navarrojonathan@example.org,India,2025-07-13T12:35:37.800731
558,Cynthia Escobar,taylorsamantha@example.net,Japan,2025-07-19T12:35:37.800731
559,Melissa Wood,vhorton@example.org,India,2025-07-23T12:35:37.800731
560,Jennifer Burke,cnguyen@example.org,Germany,2025-06-29T12:35:37.800731
561,Randy Johnson,davidquinn@example.org,India,2025-07-06T12:35:37.800731
562,Aaron Williams,ashley70@example.com,India,2025-07-01T12:35:37.800731
563,Robert Cruz,navarroamy@example.org,USA,2025-07-05T12:35:37.800731
564,Colin Smith,shawn05@example.com,Germany,2025-07-21T12:35:37.800731
565,Ronald Barrett,fieldsjennifer@example.com,India,2025-06-26T12:35:37.800731
566,Christopher Hughes,victoria90@example.com,UK,2025-07-05T12:35:37.800731
567,Shelia Roberts,forbesshawn@example.com,USA,2025-07-15T12:35:37.800731
568,Kristi Martinez DVM,meganstout@example.net,Japan,2025-07-18T12:35:37.800731
569,David Lewis,heatherbarry@example.org,Germany,2025-06-30T12:35:37.800731
570,Ronald Schmidt,tvasquez@example.org,India,2025-07-12T12:35:37.800731
571,Mark Thomas,ucolon@example.org,USA,2025-07-17T12:35:37.800731
572,Lisa Rivera,johnsingh@example.com,Japan,2025-07-23T12:35:37.800731
573,Gregory Mejia,woodsnicole@example.com,India,2025-07-10T12:35:37.800731
574,Robert Powell,preed@example.org,UK,2025-07-04T12:35:37.800731
575,Joseph Bond,weberjames@example.com,India,2025-07-15T12:35:37.800731
576,Curtis Mckenzie,brandolph@example.net,USA,2025-07-01T12:35:37.800731
577,Rachel Reynolds,bobrussell@example.com,India,2025-07-22T12:35:37.800731
578,Mrs. Erin Christensen,qmartinez@example.org,USA,2025-07-20T12:35:37.800731
579,Michael Logan,robin87@example.org,Japan,2025-07-06T12:35:37.800731
580,John Morales,olivermichele@example.com,India,2025-07-08T12:35:37.800731
581,Megan Kennedy,fdelgado@example.net,Japan,2025-07-14T12:35:37.800731
582,Evan Brown,kjordan@example.org,Japan,2025-07-23T12:35:37.800731
583,Anthony Hoffman,shellysteele@example.net,USA,2025-07-16T12:35:37.800731
584,Shawn Juarez,rosalesthomas@example.com,UK,2025-07-19T12:35:37.800731
585,Linda Morrison,wzhang@example.org,Germany,2025-07-06T12:35:37.800731
586,Marc Hopkins,cfigueroa@example.org,Germany,2025-07-09T12:35:37.800731
587,Michael Wood,bdaniels@example.com,UK,2025-07-07T12:35:37.800731
588,Marissa Powell,heathalbert@example.org,UK,2025-06-25T12:35:37.800731
589,Ryan Hall,scott13@example.org,Japan,2025-07-23T12:35:37.800731
590,Sherry Higgins,danielmorris@example.com,USA,2025-07-13T12:35:37.800731
591,Ricky Cohen,ubush@example.net,Germany,2025-07-18T12:35:37.800731
592,Jose Carter,laurenjimenez@example.net,Germany,2025-06-26T12:35:37.800731
593,Kimberly Thornton,adamtaylor@example.org,UK,2025-07-15T12:35:37.800731
594,Stephanie Nunez,vpaul@example.org,USA,2025-06-26T12:35:37.800731
595,Kevin Gentry,glovermichael@example.org,USA,2025-06-29T12:35:37.800731
596,Christine Scott,christopherestrada@example.org,UK,2025-07-07T12:35:37.800731
597,Amanda Castillo,beverlymccall@example.net,Japan,2025-07-12T12:35:37.800731
598,Kimberly Smith,rossanna@example.net,India,2025-06-30T12:35:37.800731
599,Jamie Rogers,kleinrobert@example.org,Germany,2025-06-29T12:35:37.800731
600,Tracy Alexander,corey78@example.net,Japan,2025-07-09T12:35:37.800731
601,Megan Fry,lucas26@example.net,Japan,2025-07-06T12:35:37.800731
602,Michael Hale,deborah88@example.net,UK,2025-07-11T12:35:37.800731
603,Stephen Cervantes,mathisamanda@example.org,India,2025-07-24T12:35:37.800731
604,Timothy Parrish,brandon40@example.com,India,2025-06-30T12:35:37.800731
605,Mike Yu,christophergray@example.org,Japan,2025-07-11T12:35:37.800731
606,Jared Alvarado,jennifer86@example.com,Japan,2025-07-03T12:35:37.800731
607,Shannon Gutierrez,dsnyder@example.com,Japan,2025-07-14T12:35:37.800731
608,Daniel Caldwell,lwallace@example.net,USA,2025-07-17T12:35:37.800731
609,Dean Graham,leekatherine@example.org,UK,2025-07-17T12:35:37.800731
610,Grace White,scottcarter@example.net,Germany,2025-06-28T12:35:37.800731
611,Carolyn Arnold,hmcbride@example.org,Japan,2025-07-24T12:35:37.800731
612,Paul Garrison,pperez@example.net,UK,2025-07-17T12:35:37.800731
613,Angela Simmons,mistygood@example.net,Germany,2025-06-27T12:35:37.800731
614,Andrew Schneider,brianhenderson@example.org,Japan,2025-07-23T12:35:37.800731
615,Miranda Shannon,kjackson@example.org,Japan,2025-06-29T12:35:37.800731
616,Melissa Whitaker,melissarodgers@example.com,Japan,2025-07-10T12:35:37.800731
617,Dylan Moore,pmartinez@example.net,USA,2025-07-10T12:35:37.800731
618,Valerie Cervantes,bonillabrian@example.org,Germany,2025-07-21T12:35:37.800731
619,Carl Herman,larry26@example.net,UK,2025-07-02T12:35:37.800731
620,Bryan Boyle,csalas@example.com,India,2025-06-30T12:35:37.800731
621,Barbara Miller,monica71@example.net,UK,2025-07-20T12:35:37.800731
622,Molly Roberts,rgarcia@example.org,Germany,2025-07-22T12:35:37.800731
623,Joshua Ferguson,cheryl02@example.net,Japan,2025-07-22T12:35:37.800731
624,James Smith,tnewton@example.com,Germany,2025-07-24T12:35:37.800731
625,Alexander Wells,davisgary@example.com,Japan,2025-06-25T12:35:37.800731
626,John Perez MD,kristie05@example.org,Germany,2025-07-06T12:35:37.800731
627,Joseph Ramirez,mckenzie04@example.net,UK,2025-07-12T12:35:37.800731
628,Jordan Lopez,sherryelliott@example.net,UK,2025-07-25T12:35:37.800731
629,James Gallegos,fredericklauren@example.net,USA,2025-06-29T12:35:37.800731
630,Marco Martin,ablair@example.net,Germany,2025-07-18T12:35:37.800731
631,Connie Campbell,scottrosario@example.net,UK,2025-07-05T12:35:37.800731
632,Jacob Rose,estewart@example.org,UK,2025-06-26T12:35:37.800731
633,Jose Castro,williamwhite@example.org,USA,2025-06-29T12:35:37.800731
634,Robert Davis,fyoung@example.net,Germany,2025-06-27T12:35:37.800731
635,Amanda Peters MD,iwilson@example.com,Japan,2025-07-01T12:35:37.800731
636,Chad Harris,laurie69@example.org,Germany,2025-07-25T12:35:37.800731
637,Michael Fernandez,wagnermatthew@example.com,UK,2025-07-23T12:35:37.800731
638,Gloria Watson,deborah48@example.net,India,2025-06-27T12:35:37.800731
639,Jesse Delgado,martinezhaley@example.com,Germany,2025-07-24T12:35:37.800731
640,Crystal Simmons,dawnmeadows@example.org,India,2025-07-23T12:35:37.800731
641,Judy Mccoy,briantapia@example.com,Germany,2025-07-06T12:35:37.800731
642,Amy Thompson,anita68@example.com,UK,2025-06-27T12:35:37.800731
643,Victor Olson,brian95@example.com,UK,2025-06-29T12:35:37.800731
644,Brooke Morris,melissabishop@example.com,India,2025-07-15T12:35:37.800731
645,Frank Gutierrez,sarasanchez@example.org,UK,2025-06-28T12:35:37.800731
646,Samuel Simpson,adamssierra@example.net,UK,2025-07-21T12:35:37.800731
647,Emily Day,bryan89@example.org,USA,2025-07-10T12:35:37.800731
648,David Colon,melissa23@example.org,India,2025-07-05T12:35:37.800731
649,Cheryl Bishop,maria34@example.net,Germany,2025-07-09T12:35:37.800731
650,Ashley Smith,scottgonzalez@example.org,Japan,2025-07-13T12:35:37.800731
651,John Brewer,lyonsjessica@example.net,Japan,2025-07-05T12:35:37.800731
652,Alexis Johnson,diane46@example.org,Germany,2025-07-16T12:35:37.800731
653,Regina Perry,peter57@example.net,Japan,2025-06-26T12:35:37.800731
654,Thomas Wade,joseph04@example.com,UK,2025-07-25T12:35:37.800731
655,Mariah Cox,stephengonzalez@example.org,UK,2025-07-16T12:35:37.800731
656,Joshua Hester,elizabeth23@example.org,India,2025-07-15T12:35:37.800731
657,Sarah Beltran,pamelaanderson@example.net,Germany,2025-07-10T12:35:37.800731
658,Blake Williams,jonathandunn@example.org,India,2025-06-27T12:35:37.800731
659,Christopher Patterson,jennifertorres@example.net,Germany,2025-07-21T12:35:37.800731
660,Taylor Wade,lmendez@example.org,Germany,2025-06-26T12:35:37.800731
661,Dr. Kenneth Marks,opeterson@example.com,Japan,2025-07-01T12:35:37.800731
662,Walter Henry,brandi56@example.com,Japan,2025-07-05T12:35:37.800731
663,Aaron Foley,vincent98@example.com,Germany,2025-07-01T12:35:37.800731
664,Kevin Jackson,walkeranthony@example.org,India,2025-07-03T12:35:37.800731
665,Jeffrey Fisher,millsgregory@example.com,Germany,2025-07-04T12:35:37.800731
666,Michael Kemp,townsendnancy@example.com,Germany,2025-07-16T12:35:37.800731
667,Roberto Watson,tharrison@example.org,India,2025-07-14T12:35:37.800731
668,Peggy Allen,jamespaul@example.net,Japan,2025-07-02T12:35:37.800731
669,Stephanie Bullock,jmartinez@example.net,Germany,2025-07-18T12:35:37.800731
670,Megan Pacheco,jblackburn@example.net,USA,2025-07-25T12:35:37.800731
671,Abigail Garcia,samanthabanks@example.org,UK,2025-07-21T12:35:37.800731
672,Tracy Rivera,cruztara@example.com,USA,2025-06-30T12:35:37.800731
673,Heather Nelson,smithcurtis@example.org,UK,2025-06-28T12:35:37.800731
674,Patricia Townsend,joseph99@example.net,Japan,2025-07-22T12:35:37.800731
675,Jason Campbell,james60@example.net,USA,2025-07-03T12:35:37.800731
676,Tyler Williams,brian50@example.net,USA,2025-07-08T12:35:37.800731
677,Barbara Hanson,davidfletcher@example.com,Germany,2025-07-23T12:35:37.800731
678,Ashley Simon,evanscynthia@example.org,India,2025-07-08T12:35:37.800731
679,Donna Hart,weberjessica@example.com,Japan,2025-06-28T12:35:37.800731
680,Charles Velez,ryanryan@example.net,USA,2025-07-05T12:35:37.800731
681,Donald Jones,cowanrichard@example.net,UK,2025-07-10T12:35:37.800731
682,Laura Keller,ramirezteresa@example.com,Japan,2025-07-12T12:35:37.800731
683,Heather Martinez MD,zpeterson@example.com,USA,2025-07-20T12:35:37.800731
684,Angela Small,twebb@example.net,USA,2025-07-15T12:35:37.800731
685,Heather Martin,smithjames@example.com,Japan,2025-07-01T12:35:37.800731
686,Joseph Jackson,alancase@example.net,India,2025-07-25T12:35:37.800731
687,Yesenia Pacheco,xnewton@example.org,USA,2025-07-01T12:35:37.800731
688,Shannon Roberts,christy93@example.net,USA,2025-07-14T12:35:37.800731
689,Gabriel Jacobs,jennifer52@example.org,Japan,2025-07-12T12:35:37.800731
690,Hannah Wallace,nkim@example.com,India,2025-07-07T12:35:37.800731
691,Mark Fleming,esparzachristopher@example.com,India,2025-07-17T12:35:37.800731
692,Douglas Reilly,jennifer49@example.net,USA,2025-06-30T12:35:37.800731
693,Alisha Waters,brewermichael@example.org,UK,2025-07-14T12:35:37.800731
694,Dr. Joshua Powers,sheawilliam@example.org,Germany,2025-07-02T12:35:37.800731
695,Elizabeth Hamilton,joseph16@example.org,India,2025-07-17T12:35:37.800731
696,Olivia Johnston,taylor52@example.net,Germany,2025-06-29T12:35:37.800731
697,Erin Tate,eddie81@example.org,USA,2025-07-09T12:35:37.800731
698,Tina Bernard,mullenamy@example.org,USA,2025-07-08T12:35:37.800731
699,David Mcfarland,pjones@example.org,Germany,2025-07-05T12:35:37.800731
700,Eric Walker,warnerjames@example.com,Germany,2025-07-12T12:35:37.800731
701,Lisa Thompson,jose00@example.com,UK,2025-07-10T12:35:37.800731
702,Joanna Garcia,myersmargaret@example.net,Germany,2025-07-14T12:35:37.800731
703,Jessica Murphy,sean81@example.com,USA,2025-07-10T12:35:37.800731
704,Terri Chase,heather37@example.net,Germany,2025-06-29T12:35:37.800731
705,Ashley Rodriguez,hmcclain@example.org,UK,2025-07-19T12:35:37.800731
706,Tina Young,jason58@example.org,UK,2025-07-23T12:35:37.800731
707,Steven Mcgee,casey96@example.org,USA,2025-07-02T12:35:37.800731
708,Brian Hawkins,christopher35@example.com,Germany,2025-07-23T12:35:37.800731
709,Denise Lewis,connor58@example.com,India,2025-07-18T12:35:37.800731
710,Gary Saunders,randy80@example.net,Japan,2025-07-19T12:35:37.800731
711,Raymond Smith,jenningschristopher@example.org,Japan,2025-07-09T12:35:37.800731
712,James Alvarez,martinshirley@example.com,USA,2025-07-07T12:35:37.800731
713,Paul Webb,holly46@example.com,India,2025-07-22T12:35:37.800731
714,Robert Nguyen,christinaherrera@example.net,USA,2025-06-30T12:35:37.800731
715,Lori Hall,peterslucas@example.com,UK,2025-07-25T12:35:37.800731
716,Mathew Solomon,gallegosjeffery@example.org,India,2025-07-18T12:35:37.800731
717,Linda Torres,dnewton@example.com,UK,2025-07-03T12:35:37.800731
718,Kenneth Fields,coleelizabeth@example.net,India,2025-07-11T12:35:37.800731
719,Stacey Olsen,robert12@example.com,USA,2025-07-03T12:35:37.800731
720,Jamie Cline,wilsonryan@example.org,UK,2025-06-30T12:35:37.800731
721,Ashlee Alexander,julierivera@example.org,UK,2025-06-26T12:35:37.800731
722,Jordan Allen,david02@example.net,Germany,2025-07-20T12:35:37.800731
723,Christina Rodriguez,cschroeder@example.org,India,2025-07-01T12:35:37.800731
724,Sean Huerta,woodrachel@example.org,USA,2025-07-10T12:35:37.800731
725,Arthur Garner,zvasquez@example.net,UK,2025-07-06T12:35:37.800731
726,Alexis Joseph,richardjackson@example.com,USA,2025-07-25T12:35:37.800731
727,Andrew Gonzalez,diamond21@example.com,USA,2025-06-27T12:35:37.800731
728,Mark Tanner,lambamy@example.org,UK,2025-07-02T12:35:37.800731
729,Jenny Jensen,evan77@example.com,USA,2025-06-29T12:35:37.800731
730,Daniel Richardson,burnskeith@example.org,UK,2025-06-29T12:35:37.800731
731,Thomas Swanson,xandrews@example.com,Germany,2025-07-22T12:35:37.800731
732,Jennifer Shepard,rubiodana@example.org,Japan,2025-07-02T12:35:37.800731
733,Gregory Hawkins,dwalker@example.org,Germany,2025-07-08T12:35:37.800731
734,Amanda Smith,jstone@example.com,USA,2025-07-12T12:35:37.800731
735,Todd Miller,brandonmarshall@example.org,India,2025-07-24T12:35:37.800731
736,Jessica Kidd,taylor54@example.com,UK,2025-07-02T12:35:37.800731
737,Elaine Sanford,jennifer10@example.com,Germany,2025-07-23T12:35:37.800731
738,Patricia Henderson,myerswilliam@example.net,Japan,2025-07-14T12:35:37.800731
739,Emma Navarro,robert13@example.com,Germany,2025-07-17T12:35:37.800731
740,Susan Moore,jonathan11@example.com,Japan,2025-07-10T12:35:37.800731
741,Blake Ho,amarsh@example.org,Japan,2025-07-24T12:35:37.800731
742,Justin Santiago,john38@example.net,India,2025-07-11T12:35:37.800731
743,Jennifer Hamilton,kellykristin@example.org,UK,2025-07-22T12:35:37.800731
744,Jose Cochran,paulnguyen@example.com,India,2025-07-02T12:35:37.800731
745,Jeremy Harmon,gregorydavid@example.net,India,2025-07-04T12:35:37.800731
746,Robin Wilson,gordonjack@example.org,USA,2025-07-08T12:35:37.800731
747,Justin Henderson,tsmith@example.net,India,2025-06-27T12:35:37.800731
748,Kevin Sandoval,douglas99@example.com,UK,2025-07-09T12:35:37.800731
749,Noah Lopez,vweaver@example.net,UK,2025-07-08T12:35:37.800731
750,Lauren Mayer,christian65@example.org,USA,2025-07-03T12:35:37.800731
751,Allison Patterson,acevedonicholas@example.org,Japan,2025-07-15T12:35:37.800731
752,Kristen Solis,watsontrevor@example.net,Japan,2025-07-24T12:35:37.800731
753,Evan Jackson,jonathanwright@example.com,India,2025-06-28T12:35:37.800731
754,Maurice Lee,nyoung@example.net,USA,2025-07-17T12:35:37.800731
755,Robert Green,jennifer39@example.org,USA,2025-07-03T12:35:37.800731
756,Brandon Perez,speterson@example.com,Japan,2025-07-10T12:35:37.800731
757,Rachel Miller,davidalexander@example.org,Japan,2025-07-04T12:35:37.800731
758,Brian Mcclure,rosariotroy@example.org,Japan,2025-07-12T12:35:37.800731
759,Karen Bonilla,angela20@example.net,Germany,2025-06-29T12:35:37.800731
760,Jeffery Yoder,alexanderhaas@example.net,UK,2025-07-13T12:35:37.800731
761,Barbara Davis,jkelly@example.org,UK,2025-07-10T12:35:37.800731
762,Sarah Green,pinedajoshua@example.org,UK,2025-07-22T12:35:37.800731
763,Alexandria Oneill,wcraig@example.net,USA,2025-07-05T12:35:37.800731
764,Kayla Rice,charvey@example.com,UK,2025-07-19T12:35:37.800731
765,Eric Hunter,jonesjeffrey@example.com,UK,2025-07-08T12:35:37.800731
766,Olivia Bright,cindy08@example.com,India,2025-07-20T12:35:37.800731
767,Stephen White,danielmorales@example.net,Japan,2025-07-21T12:35:37.800731
768,John Guerrero,simpsoncarmen@example.org,Japan,2025-06-25T12:35:37.800731
769,Vincent Rubio,alvarezkatie@example.org,India,2025-07-12T12:35:37.800731
770,Michael Farrell,elizabeth73@example.com,India,2025-07-15T12:35:37.800731
771,Sonya Carey,oallen@example.com,USA,2025-07-15T12:35:37.800731
772,Matthew Wallace,bharper@example.org,India,2025-07-16T12:35:37.800731
773,Ms. Dana Blackwell,lisaromero@example.com,Japan,2025-07-19T12:35:37.800731
774,Kimberly Salazar,mckaymichael@example.org,UK,2025-07-10T12:35:37.800731
775,Karla Bailey,wmcbride@example.org,Japan,2025-06-25T12:35:37.800731
776,Brittany Rogers,joann30@example.org,Japan,2025-06-25T12:35:37.800731
777,Amy Anderson,nicolegordon@example.net,UK,2025-06-29T12:35:37.800731
778,Danielle Allen,riveravanessa@example.net,India,2025-07-18T12:35:37.800731
779,Joseph Chavez,uroberts@example.com,Germany,2025-07-18T12:35:37.800731
780,Kimberly Reed,jhamilton@example.org,Germany,2025-07-16T12:35:37.800731
781,Katie Lopez,kthompson@example.net,Japan,2025-07-16T12:35:37.800731
782,Jeremy Clark,sroberts@example.org,India,2025-07-01T12:35:37.800731
783,Kelly Smith,teresacole@example.net,Germany,2025-06-27T12:35:37.800731
784,Michael Peters,solomonrobert@example.com,India,2025-07-12T12:35:37.800731
785,Morgan Peterson,hahnnicole@example.com,Japan,2025-06-30T12:35:37.800731
786,Bryan Rose,brendan17@example.org,India,2025-07-25T12:35:37.800731
787,Sandra Johnson,jennifertaylor@example.org,India,2025-07-04T12:35:37.800731
788,Donald King,ljohnson@example.com,UK,2025-07-10T12:35:37.800731
789,Stacey Mcfarland,jenniferanderson@example.com,UK,2025-07-10T12:35:37.800731
790,Eric Wheeler,richmondmichael@example.com,Germany,2025-07-17T12:35:37.800731
791,Dawn Hartman,jcooper@example.com,USA,2025-07-05T12:35:37.800731
792,Trevor Ayala,joseph75@example.org,Japan,2025-06-28T12:35:37.800731
793,William Jackson,pamelapearson@example.com,UK,2025-07-05T12:35:37.800731
794,Justin Massey,nunezcharles@example.com,India,2025-07-17T12:35:37.800731
795,Christina Kerr,christophercaldwell@example.net,India,2025-07-25T12:35:37.800731
796,Jorge Jacobs,zdickerson@example.net,India,2025-06-27T12:35:37.800731
797,Don Davis,qbautista@example.com,Japan,2025-07-02T12:35:37.800731
798,Carla Miller,richard90@example.org,Germany,2025-06-28T12:35:37.800731
799,Dr. Christopher Hernandez,davisjulie@example.com,USA,2025-07-23T12:35:37.800731
800,Brandon Mcdonald,carla28@example.org,Japan,2025-06-27T12:35:37.800731
801,Steven Wright,nwallace@example.net,India,2025-07-23T12:35:37.800731
802,Timothy Davis,christopher79@example.net,UK,2025-07-22T12:35:37.800731
803,Tracy Baker,rebecca34@example.net,Germany,2025-07-04T12:35:37.800731
804,Lisa Jones,gramos@example.net,Germany,2025-07-05T12:35:37.800731
805,Billy Harris,william40@example.com,India,2025-07-22T12:35:37.800731
806,Ethan Hines,richard52@example.com,UK,2025-07-13T12:35:37.800731
807,Nicole Rodriguez,michelle05@example.org,Japan,2025-06-27T12:35:37.800731
808,Thomas Johnson,gonzalescynthia@example.com,India,2025-07-08T12:35:37.800731
809,Lisa Gordon,tkline@example.org,USA,2025-07-11T12:35:37.800731
810,David Nelson,dking@example.net,UK,2025-07-07T12:35:37.800731
811,Morgan Bradley,teresaflores@example.org,India,2025-07-04T12:35:37.800731
812,Lori Mcdonald,alishadaugherty@example.com,USA,2025-07-16T12:35:37.800731
813,Kyle Elliott,garymatthews@example.org,UK,2025-07-10T12:35:37.800731
814,Andrew Gates,rhondabarnes@example.com,UK,2025-07-25T12:35:37.800731
815,Chad Brown,brian18@example.net,USA,2025-07-21T12:35:37.800731
816,Patty Wade,bperez@example.org,Germany,2025-07-10T12:35:37.800731
817,Jennifer Oneill DDS,bellstephen@example.net,Germany,2025-07-10T12:35:37.800731
818,Robert Howard,linerin@example.com,India,2025-07-17T12:35:37.800731
819,Connie Torres,bartonmichelle@example.org,USA,2025-07-02T12:35:37.800731
820,Tammy Gallegos,williamskimberly@example.com,Japan,2025-07-01T12:35:37.800731
821,Alexander Pitts,perezmary@example.org,USA,2025-07-18T12:35:37.800731
822,Andre Hansen,mrogers@example.net,USA,2025-07-21T12:35:37.800731
823,Anna Martinez,stephencolon@example.net,India,2025-07-15T12:35:37.800731
824,David Calderon,dominiquemarshall@example.org,USA,2025-07-08T12:35:37.800731
825,Cheryl Rivera,jonathan75@example.org,UK,2025-07-08T12:35:37.800731
826,Aaron Miller,shannon39@example.org,USA,2025-07-02T12:35:37.800731
827,Cody Moore,rachel69@example.net,UK,2025-07-17T12:35:37.800731
828,Olivia Rangel,walkerjessica@example.com,Germany,2025-07-11T12:35:37.800731
829,Kelly Owens,jonesjasmine@example.org,UK,2025-06-25T12:35:37.800731
830,Jay Davidson,hernandezjohn@example.org,USA,2025-06-25T12:35:37.800731
831,Kenneth Ruiz,adiaz@example.org,USA,2025-07-09T12:35:37.800731
832,Kenneth Briggs,pamela50@example.com,India,2025-06-25T12:35:37.800731
833,Christopher Hicks,george94@example.com,Japan,2025-07-02T12:35:37.800731
834,Teresa Smith,drewmurphy@example.org,India,2025-07-16T12:35:37.800731
835,Brian Benjamin,brucemelton@example.org,Japan,2025-06-28T12:35:37.800731
836,Richard Mckay,gwise@example.net,USA,2025-07-15T12:35:37.800731
837,Kristen Mathews,morrisonjacqueline@example.com,Germany,2025-06-30T12:35:37.800731
838,Craig Parker,pbell@example.com,USA,2025-07-12T12:35:37.800731
839,Ian Harris,grantsteve@example.org,Japan,2025-06-30T12:35:37.800731
840,Robert Krueger,jeffmaddox@example.com,India,2025-07-13T12:35:37.800731
841,Ashley Mcdonald,lowerymary@example.com,Japan,2025-07-06T12:35:37.800731
842,Robert Krueger,espinozajohn@example.com,Japan,2025-07-15T12:35:37.800731
843,David Sanchez,todd17@example.org,Japan,2025-07-18T12:35:37.800731
844,Daniel Weaver,xgonzalez@example.net,Japan,2025-07-21T12:35:37.800731
845,Donald Smith,candacecarlson@example.net,Germany,2025-07-02T12:35:37.800731
846,Billy Galloway,tlloyd@example.net,India,2025-07-09T12:35:37.800731
847,Edward Baker,danny61@example.net,USA,2025-07-16T12:35:37.800731
848,Megan Higgins,zdavis@example.net,UK,2025-07-23T12:35:37.800731
849,Seth Lara,tkoch@example.net,Japan,2025-06-26T12:35:37.800731
850,Monica Rangel,hopkinsjohn@example.com,UK,2025-07-12T12:35:37.800731
851,Carol Ramirez,jasonwright@example.org,Japan,2025-07-08T12:35:37.800731
852,Jill Myers,lhorton@example.org,Germany,2025-07-16T12:35:37.800731
853,Jessica Tran,dawn48@example.com,UK,2025-07-03T12:35:37.800731
854,Mathew Schroeder,cunninghamdenise@example.org,UK,2025-07-22T12:35:37.800731
855,Miss Jacqueline Parks PhD,rogerstracey@example.org,Japan,2025-07-22T12:35:37.800731
856,Holly Haas,michael77@example.net,USA,2025-07-25T12:35:37.800731
857,Brandy Phillips,lopezbrenda@example.net,Japan,2025-07-06T12:35:37.800731
858,Natalie Hall,meganedwards@example.net,India,2025-07-23T12:35:37.800731
859,Lauren Gonzalez,feliciaschmidt@example.com,Germany,2025-07-10T12:35:37.800731
860,Kelly Ford,dfrank@example.org,USA,2025-07-16T12:35:37.800731
861,Ashley Jones,bbrown@example.com,USA,2025-07-05T12:35:37.800731
862,Jeff Davis,clarkpatrick@example.org,UK,2025-06-25T12:35:37.800731
863,Brian Flores,heather15@example.org,UK,2025-07-20T12:35:37.800731
864,Tonya Montgomery,scottmelissa@example.net,Germany,2025-07-09T12:35:37.800731
865,Nicole Smith,lmiller@example.com,India,2025-07-23T12:35:37.800731
866,Sarah Taylor,upitts@example.org,Germany,2025-07-18T12:35:37.800731
867,Kristen Alexander,reneekane@example.net,Japan,2025-06-30T12:35:37.800731
868,Eric Woods,watersstephen@example.com,India,2025-07-11T12:35:37.800731
869,Courtney Kim,kevinterry@example.org,Japan,2025-07-15T12:35:37.800731
870,Mr. Patrick Kidd,brayjamie@example.org,India,2025-07-24T12:35:37.800731
871,Rebekah Young,lindseymiller@example.org,USA,2025-07-15T12:35:37.800731
872,Ryan Wagner,ldavis@example.com,UK,2025-07-07T12:35:37.800731
873,William Pugh,anthony52@example.net,Japan,2025-07-10T12:35:37.800731
874,Shannon Watts,elizabeth88@example.org,USA,2025-07-03T12:35:37.800731
875,Ellen Benson,uandrews@example.net,UK,2025-07-15T12:35:37.800731
876,Peter Diaz,nmason@example.org,India,2025-07-05T12:35:37.800731
877,Kyle Wright,fmay@example.org,USA,2025-06-29T12:35:37.800731
878,Daniel Mitchell,dodsonmichael@example.org,Germany,2025-07-05T12:35:37.800731
879,Brittany Scott,morrisoncynthia@example.com,USA,2025-06-28T12:35:37.800731
880,Courtney Brown MD,tommy87@example.com,Japan,2025-07-08T12:35:37.800731
881,Allison Hernandez,stephen51@example.net,Germany,2025-07-03T12:35:37.800731
882,Sarah Carter,smithdaniel@example.net,Germany,2025-07-23T12:35:37.800731
883,John Young,mrussell@example.net,Japan,2025-06-29T12:35:37.800731
884,Brian Lewis,chapmanmark@example.net,USA,2025-07-09T12:35:37.800731
885,Cheryl Edwards,raymckee@example.com,UK,2025-06-30T12:35:37.800731
886,Emma Tyler,amandawhite@example.com,USA,2025-07-16T12:35:37.800731
887,Dr. Diana Barron MD,jillrhodes@example.net,UK,2025-07-05T12:35:37.800731
888,Joseph Saunders,gregoryking@example.org,USA,2025-07-20T12:35:37.800731
889,Aaron Mcdonald,ddaniels@example.net,India,2025-07-09T12:35:37.800731
890,Stephanie Peterson,donnamccarthy@example.net,India,2025-07-15T12:35:37.800731
891,Duane Mcintosh,brandisalazar@example.com,Germany,2025-07-12T12:35:37.800731
892,Marvin Rivera,woodardadam@example.com,Japan,2025-07-11T12:35:37.800731
893,Charles Lee,davidmurphy@example.com,Germany,2025-07-24T12:35:37.800731
894,Kimberly Shah,zellis@example.net,Japan,2025-07-25T12:35:37.800731
895,William Ward,ellen03@example.com,USA,2025-07-23T12:35:37.800731
896,Keith Baldwin MD,nathan26@example.com,India,2025-07-06T12:35:37.800731
897,Kimberly Lam,hernandezgail@example.net,USA,2025-07-03T12:35:37.800731
898,Evan Gray,parrisharthur@example.org,India,2025-06-30T12:35:37.800731
899,Aaron Webb,whitneyjimmy@example.com,Germany,2025-07-16T12:35:37.800731
900,Deborah Gaines,melanie23@example.org,Japan,2025-06-26T12:35:37.800731
901,Jack Hays,meganball@example.net,Japan,2025-07-18T12:35:37.800731
902,Daniel Roberts,ashley76@example.net,India,2025-06-30T12:35:37.800731
903,Christopher Dixon,michaelrobinson@example.net,India,2025-07-13T12:35:37.800731
904,Kenneth Gill,valenzuelatammie@example.org,Germany,2025-06-30T12:35:37.800731
905,Kelly Zamora,jeffreyacosta@example.net,India,2025-07-05T12:35:37.800731
906,Ryan Beck,kreeves@example.org,India,2025-07-16T12:35:37.800731
907,Thomas Perkins,christopherbrown@example.com,UK,2025-07-13T12:35:37.800731
908,Jason Mann,brianmartinez@example.net,India,2025-07-18T12:35:37.800731
909,Heather Carter,amyyoung@example.com,Japan,2025-07-02T12:35:37.800731
910,Lori Fernandez,jacksonrodney@example.org,UK,2025-07-19T12:35:37.800731
911,Deborah Hudson,kimberlysmith@example.com,Japan,2025-07-09T12:35:37.800731
912,Randall Short,zhull@example.net,Japan,2025-07-21T12:35:37.800731
913,Christian Aguilar,manuel27@example.net,Japan,2025-07-15T12:35:37.800731
914,Hannah Nguyen,stephen48@example.com,India,2025-07-22T12:35:37.800731
915,Joshua Peterson,jamesscott@example.com,Japan,2025-07-04T12:35:37.800731
916,William Vega,mezaryan@example.org,USA,2025-07-12T12:35:37.800731
917,Richard Hartman,cynthia75@example.org,Japan,2025-06-28T12:35:37.800731
918,Antonio Thomas,michael84@example.net,India,2025-06-30T12:35:37.800731
919,Krista Thompson,jeremy56@example.com,India,2025-07-07T12:35:37.800731
920,Jennifer Galvan,rosediane@example.com,USA,2025-07-08T12:35:37.800731
921,Kayla Lucas,dorseycody@example.org,USA,2025-07-09T12:35:37.800731
922,Nathaniel Rodriguez,udominguez@example.org,India,2025-07-06T12:35:37.800731
923,Bob Reyes,daniel83@example.com,Japan,2025-07-12T12:35:37.800731
924,Susan Hernandez,brian72@example.com,India,2025-07-22T12:35:37.800731
925,Angela Figueroa,howellkenneth@example.org,USA,2025-07-12T12:35:37.800731
926,Christine Gomez,jacksonlauren@example.org,Germany,2025-06-27T12:35:37.800731
927,Rebecca Grant,kevinfernandez@example.com,India,2025-07-15T12:35:37.800731
928,Kimberly Mcdonald,nbranch@example.net,Germany,2025-07-08T12:35:37.800731
929,John Whitehead,paulcrawford@example.net,UK,2025-07-05T12:35:37.800731
930,Tracy Hensley,adamjames@example.com,UK,2025-07-10T12:35:37.800731
931,Diane Thomas,dsalazar@example.org,Japan,2025-07-25T12:35:37.800731
932,Mr. Justin Mosley,nortonmelissa@example.org,Japan,2025-07-10T12:35:37.800731
933,Julie Kennedy,dbutler@example.org,Germany,2025-07-21T12:35:37.800731
934,Amanda Mendoza,james21@example.org,Germany,2025-07-22T12:35:37.800731
935,Alan Washington,rogerserica@example.net,USA,2025-07-25T12:35:37.800731
936,Tyler Huber,rogersdylan@example.com,USA,2025-07-12T12:35:37.800731
937,Joseph Murphy,dorseyheather@example.com,India,2025-07-03T12:35:37.800731
938,Chad Myers,rosskayla@example.com,Japan,2025-07-09T12:35:37.800731
939,Mark Davidson,susan75@example.org,India,2025-07-25T12:35:37.800731
940,Haley Phillips,chapmanallison@example.net,India,2025-07-25T12:35:37.800731
941,David Brock,rhodesheather@example.org,Japan,2025-07-21T12:35:37.800731
942,Susan Bowen,mjuarez@example.org,USA,2025-07-22T12:35:37.800731
943,Bruce Nguyen,johnnydeleon@example.com,Japan,2025-06-26T12:35:37.800731
944,Steven Hughes,jared22@example.net,UK,2025-07-09T12:35:37.800731
945,Lisa Graham,zcarey@example.net,India,2025-07-04T12:35:37.800731
946,Caroline Avery,danielstephens@example.net,Germany,2025-07-13T12:35:37.800731
947,David Mendoza,garrisondonna@example.com,India,2025-06-27T12:35:37.800731
948,Andrew Miller,aaronkramer@example.org,UK,2025-07-05T12:35:37.800731
949,Deborah Anderson,taylorbenjamin@example.com,Germany,2025-06-26T12:35:37.800731
950,Lawrence Rogers,jon52@example.net,Germany,2025-07-24T12:35:37.800731
951,Matthew Perkins,markblanchard@example.net,UK,2025-07-24T12:35:37.800731
952,Francisco Smith,benitezalexandra@example.com,UK,2025-07-10T12:35:37.800731
953,Kaitlin Miller,gloverbrenda@example.com,Germany,2025-07-07T12:35:37.800731
954,Brian Shields,daniel42@example.org,USA,2025-07-25T12:35:37.800731
955,Elizabeth Smith,gordonjackson@example.org,India,2025-07-01T12:35:37.800731
956,George Ramirez,laura78@example.net,Germany,2025-07-25T12:35:37.800731
957,Terry Wells,jennifertaylor@example.org,India,2025-07-25T12:35:37.800731
958,Michelle Morris DDS,timothybooth@example.org,UK,2025-07-06T12:35:37.800731
959,Patrick Levy,brenthughes@example.net,USA,2025-06-26T12:35:37.800731
960,Blake Carroll,imartinez@example.com,UK,2025-07-07T12:35:37.800731
961,Michelle Cooke,patriciamiller@example.com,UK,2025-07-10T12:35:37.800731
962,Ryan Ferguson,christinanorris@example.com,USA,2025-07-13T12:35:37.800731
963,Rebecca White,rbarrett@example.net,India,2025-07-10T12:35:37.800731
964,Shawn Johnson MD,smithdarren@example.org,USA,2025-07-22T12:35:37.800731
965,John Watson,zanderson@example.com,India,2025-07-07T12:35:37.800731
966,Michael Taylor,newmanashley@example.com,Germany,2025-07-13T12:35:37.800731
967,Michael Sanchez,shane03@example.org,Japan,2025-07-12T12:35:37.800731
968,Austin Carpenter,jessica84@example.net,USA,2025-06-25T12:35:37.800731
969,Michelle Hendricks,dennis45@example.com,USA,2025-07-19T12:35:37.800731
970,Carrie Woods,kennethsalas@example.org,Germany,2025-07-16T12:35:37.800731
971,Derrick Santiago,cynthiahicks@example.com,Japan,2025-07-07T12:35:37.800731
972,Hayden Morrow,earmstrong@example.com,UK,2025-06-28T12:35:37.800731
973,Alex Clark,gail36@example.net,Germany,2025-07-19T12:35:37.800731
974,Aaron Robinson,millsdouglas@example.org,Japan,2025-07-19T12:35:37.800731
975,Steven White,michellemartinez@example.net,Germany,2025-06-26T12:35:37.800731
976,Pamela Baird,nbaker@example.org,India,2025-07-18T12:35:37.800731
977,Stephen Jenkins,nathanielmorris@example.org,Germany,2025-07-12T12:35:37.800731
978,Heidi Miller,lindsay57@example.org,UK,2025-07-09T12:35:37.800731
979,Rose Bowman,lopezhailey@example.org,Japan,2025-07-05T12:35:37.800731
980,Gary Johnson,uthompson@example.net,India,2025-06-26T12:35:37.800731
981,Erica Wells,lewisamy@example.net,India,2025-07-19T12:35:37.800731
982,Jamie Fletcher,pbrown@example.net,UK,2025-07-17T12:35:37.800731
983,Sierra Lopez,molson@example.net,USA,2025-07-20T12:35:37.800731
984,Jose Martin,qkelly@example.com,India,2025-07-15T12:35:37.800731
985,Yesenia Weaver,wendyhawkins@example.com,UK,2025-07-08T12:35:37.800731
986,Stephanie Williams,jorgemurphy@example.org,UK,2025-06-30T12:35:37.800731
987,Jason Dean,emmanewton@example.com,Japan,2025-06-26T12:35:37.800731
988,Emily Allen,szimmerman@example.org,Japan,2025-07-22T12:35:37.800731
989,Kevin Wolfe,bradley08@example.net,India,2025-07-09T12:35:37.800731
990,Derrick Robertson,ruizlisa@example.com,Japan,2025-07-13T12:35:37.800731
991,Jim Prince,andersonroberto@example.com,UK,2025-07-04T12:35:37.800731
992,Christina Yu,moorecrystal@example.org,USA,2025-07-07T12:35:37.800731
993,Thomas Allen,taylorjohnson@example.org,India,2025-07-14T12:35:37.800731
994,James Underwood,jonathanestes@example.com,USA,2025-06-28T12:35:37.800731
995,Alexis Evans,vicki25@example.com,Germany,2025-07-20T12:35:37.800731
996,John Flores,mmoreno@example.org,Germany,2025-06-29T12:35:37.800731
997,Emily Bartlett,shannon78@example.org,Japan,2025-07-19T12:35:37.800731
998,Regina Morales,pmcdonald@example.org,Germany,2025-06-25T12:35:37.800731
999,Joseph Butler,darlene13@example.com,USA,2025-07-02T12:35:37.800731
1000,Maria Reyes,richard80@example.org,Japan,2025-06-26T12:35:37.800731
